issuer_id,issuer,legal_entity,instrument_or_issuer_rating,rating_agency,rating_type,rating,outlook,rating_date,source_url,source_title,retrieved_at,verification_status
VOLKSWAGEN,Volkswagen,Volkswagen AG,issuer,Fitch,long_term_issuer,A-,Negative,,https://www.volkswagen-group.com/en/ratings-15756,"Volkswagen Group - Ratings",2026-10-06,VERIFIED
VOLKSWAGEN,Volkswagen,Volkswagen AG,issuer,Moody's,long_term_issuer,Baa1,Stable,2025-03,https://www.volkswagen-group.com/en/ratings-15756,"Volkswagen Group - Ratings",2026-10-06,VERIFIED
VOLKSWAGEN,Volkswagen,Volkswagen AG,issuer,S&P Global,long_term_issuer,BBB+,Negative,2025-12,https://www.volkswagen-group.com/en/ratings-15756,"Volkswagen Group - Ratings",2026-10-06,VERIFIED
VOLKSWAGEN,Volkswagen,Volkswagen AG,issuer,Morningstar DBRS,long_term_issuer,"BBB (high)",Stable,,https://www.volkswagen-group.com/en/ratings-15756,"Volkswagen Group - Ratings",2026-10-06,VERIFIED
TRATON,TRATON,TRATON SE,issuer,S&P Global,long_term_issuer,BBB,Negative,2026-07-30,https://ir.traton.com/en/rating,"TRATON - Rating",2026-10-06,VERIFIED
TRATON,TRATON,TRATON SE,issuer,Moody's,long_term_issuer,Baa2,Stable,2025-12-08,https://ir.traton.com/en/rating,"TRATON - Rating",2026-10-06,VERIFIED
MAGNA,Magna International,Magna International Inc.,issuer,S&P Global,long_term_issuer,A-,Stable,2026-07,https://www.sec.gov/Archives/edgar/data/749098/000110465926089231/tm2618646d2_ex99-3.htm,"Magna International Q2 2026 Results Webcast",2026-10-06,VERIFIED
MAGNA,Magna International,Magna International Inc.,issuer,Moody's,long_term_issuer,A3,Stable,2026-05,https://www.sec.gov/Archives/edgar/data/749098/000110465926054211/tm2612872d2_ex99-3.htm,"Magna International Q1 2026 Results Webcast",2026-10-06,VERIFIED
MAGNA,Magna International,Magna International Inc.,issuer,Morningstar DBRS,long_term_issuer,A,Stable,2026-04-17,https://dbrs.morningstar.com/issuers/236/magna-international-inc,"Morningstar DBRS - Magna International Inc.",2026-10-06,VERIFIED
BNP_PARIBAS_CARDIF,BNP Paribas Cardif,BNP Paribas Cardif,issuer,S&P Global,long_term_issuer,A,Stable,2025-10,https://www.bnpparibascardif.com/wp-content/uploads/sites/28/2026/04/BNP-PARIBAS-CARDIF-BUSINESS-REPORT-2025_ENG.pdf,"BNP Paribas Cardif Business Report 2025",2026-10-06,VERIFIED
DEUTSCHE_BANK,Deutsche Bank,Deutsche Bank AG,issuer,S&P Global,long_term_issuer,A,Positive,2025-12-04,https://investorrelations.db.com/creditors/ratings?language_id=1,"Deutsche Bank - Ratings",2026-10-06,VERIFIED
DEUTSCHE_BANK,Deutsche Bank,Deutsche Bank AG,issuer,Fitch,long_term_issuer_default,A+,Positive,2026-05-12,https://investorrelations.db.com/creditors/ratings?language_id=1,"Deutsche Bank - Ratings",2026-10-06,VERIFIED
COMMERZBANK,Commerzbank,Commerzbank AG,issuer,S&P Global,long_term_issuer,A,Stable,2026-08-11,https://investor-relations.commerzbank.com/debt-holders-information/sp-global,"Commerzbank - S&P Global Rating Information",2026-10-06,VERIFIED
COMMERZBANK,Commerzbank,Commerzbank AG,issuer,Moody's,long_term_issuer,A2,Stable,2026-04-21,https://investor-relations.commerzbank.com/moodys,"Commerzbank - Moody's Rating Information",2026-10-06,VERIFIED
INTESA_SANPAOLO,Intesa Sanpaolo,Intesa Sanpaolo S.p.A.,issuer,Fitch,long_term_senior_preferred,A-,Stable,,https://group.intesasanpaolo.com/en/investor-relations/ratings,"Intesa Sanpaolo - Assigned Ratings",2026-10-06,VERIFIED
INTESA_SANPAOLO,Intesa Sanpaolo,Intesa Sanpaolo S.p.A.,issuer,Moody's,long_term_senior_preferred,A3,Stable,,https://group.intesasanpaolo.com/en/investor-relations/ratings,"Intesa Sanpaolo - Assigned Ratings",2026-10-06,VERIFIED
INTESA_SANPAOLO,Intesa Sanpaolo,Intesa Sanpaolo S.p.A.,issuer,Morningstar DBRS,long_term_senior_preferred,A,Stable,,https://group.intesasanpaolo.com/en/investor-relations/ratings,"Intesa Sanpaolo - Assigned Ratings",2026-10-06,VERIFIED
INTESA_SANPAOLO,Intesa Sanpaolo,Intesa Sanpaolo S.p.A.,issuer,S&P Global,long_term_senior_preferred,BBB+,Positive,,https://group.intesasanpaolo.com/en/investor-relations/ratings,"Intesa Sanpaolo - Assigned Ratings",2026-10-06,VERIFIED
EFG_INTERNATIONAL,EFG International,EFG International AG,issuer,Moody's,long_term_issuer,A3,Negative,,https://www.efginternational.com/investors/rating-and-instruments,"EFG International - Ratings and instruments",2026-10-06,VERIFIED
EFG_INTERNATIONAL,EFG International,EFG International AG,issuer,Fitch,long_term_issuer,A,Stable,,https://www.efginternational.com/investors/rating-and-instruments,"EFG International - Ratings and instruments",2026-10-06,VERIFIED
DASSAULT_SYSTEMES,Dassault Systemes,Dassault Systèmes SE,issuer,S&P Global,long_term_issuer,A,Stable,2025-11-27,https://investor.3ds.com/financing-information/,"Dassault Systèmes - Financing Information",2026-10-06,VERIFIED
DASSAULT_SYSTEMES,Dassault Systemes,Dassault Systèmes SE,instrument,S&P Global,senior_unsecured_bond,A,Stable,2026-06-15,https://investor.3ds.com/news-releases/news-release-details/dassault-systemes-successfully-issues-eu1-billion-bonds-and,"Dassault Systèmes €1bn Bond Issuance",2026-10-06,VERIFIED
ROQUETTE,Roquette Freres,Roquette Frères,issuer,S&P Global,long_term_issuer,BBB,Negative,2026-05-19,https://www.roquette.com/content/download/43325/695420?version=11,"Roquette Frères - S&P Report May 2026",2026-10-06,VERIFIED
OMV,OMV,OMV Aktiengesellschaft,issuer,Moody's,senior_unsecured_issuer,A3,Stable,2026-06-01,https://www.omv.com/en/investors/omv-on-the-capital-markets/debt-and-ratings,"OMV - Debt & Ratings",2026-10-06,VERIFIED
OMV,OMV,OMV Aktiengesellschaft,issuer,Fitch,issuer_default,A-,Stable,2026-07-09,https://www.omv.com/en/investors/omv-on-the-capital-markets/debt-and-ratings,"OMV - Debt & Ratings",2026-10-06,VERIFIED
VAR_ENERGI,Var Energi,Vår Energi ASA,issuer,Moody's,long_term_issuer,Baa3,Stable,,https://varenergi.no/en/investor/credit-information/,"Vår Energi - Credit Information",2026-10-06,VERIFIED
VAR_ENERGI,Var Energi,Vår Energi ASA,issuer,S&P Global,long_term_issuer,BBB,Stable,,https://varenergi.no/en/investor/credit-information/,"Vår Energi - Credit Information",2026-10-06,VERIFIED
VAR_ENERGI,Var Energi,Vår Energi ASA,issuer,Fitch,long_term_issuer,BBB,Stable,2026-07-02,https://varenergi.no/en/investor/credit-information/,"Vår Energi - Credit Information",2026-10-06,VERIFIED
MOEVE,Moeve,Moeve S.A.,issuer,Moody's,long_term_issuer,Baa3,Stable,2026-04,https://www.moeveglobal.com/en/investors/ratings-debt-issuances,"Moeve - Ratings and Debt Issuances",2026-10-06,VERIFIED
MOEVE,Moeve,Moeve S.A.,issuer,Fitch,long_term_issuer,BBB-,Stable,2026-04,https://www.moeveglobal.com/en/investors/ratings-debt-issuances,"Moeve - Ratings and Debt Issuances",2026-10-06,VERIFIED
